日期,新屋銷售,新屋開工,成屋銷售,CPI,coreCPI,個人支出,信心,失業率,GDP,predict
2020-02-01,76.4,156.7,546,0.1,0.2,0.2,101.0,3.6,2.1,3
2020-01-01,69.4,160.8,554,0.2,0.1,0.3,99.8,3.5,2.1,1
2019-12-01,71.9,136.5,535,0.3,0.2,0.4,99.3,3.5,2.1,1
2019-11-01,73.3,131.4,546,0.4,0.2,0.3,96.8,3.6,2.1,2
2019-10-01,70.1,125.6,538,0.0,0.1,0.2,95.5,3.5,1.9,2
2019-09-01,71.3,136.4,549,0.1,0.3,0.1,93.2,3.7,2.0,2
2019-08-01,63.5,119.1,542,0.3,0.3,0.6,89.8,3.7,2.0,2
2019-07-01,64.6,125.3,527,0.1,0.3,0.3,98.4,3.7,2.1,2
2019-06-01,62.6,126.9,534,0.1,0.1,0.4,98.2,3.6,3.1,2
2019-05-01,67.3,123.5,519,0.3,0.1,0.3,100.0,3.6,3.1,2
2019-04-01,69.2,113.9,521,0.4,0.1,0.9,97.2,3.8,3.2,2
2019-03-01,66.7,116.2,551,0.2,0.1,0.1,98.4,3.8,2.2,2
2019-02-01,58.041833333333365,107.8,494,0.0,0.2,0.5278745644599302,95.5,4.0,2.6,2
2019-01-01,65.7,143.224086378738,499,-0.1,0.2,0.5278745644599302,90.7,3.9,1.78,2
2018-12-01,58.041833333333365,125.6,532,0.0,0.2,0.4,98.3,3.7,3.4,2
2018-11-01,54.4,122.8,522,0.3,0.2,0.6,97.5,3.7,3.5,3
2018-10-01,55.3,120.1,515,0.1,0.1,0.4,98.6,3.7,3.5,1
2018-09-01,62.9,128.2,534,0.2,0.1,0.3,100.1,3.9,4.2,2
2018-08-01,62.7,116.8,534,0.2,0.2,0.4,96.2,3.9,4.2,2
2018-07-01,63.1,117.3,538,0.1,0.2,0.4,97.9,4.0,4.1,2
2018-06-01,68.9,135.0,543,0.2,0.2,0.2,98.2,3.8,2.0,2
2018-05-01,66.2,128.7,546,0.2,0.1,0.6,98.0,3.9,2.2,2
2018-04-01,69.4,131.9,560,-0.1,0.2,0.4,98.8,4.1,2.3,2
2018-03-01,61.8,123.6,554,0.2,0.2,0.2,101.4,4.1,2.9,2
2018-02-01,59.3,132.6,538,0.5,0.3,0.5278745644599302,99.9,4.1,2.5,2
2018-01-01,62.5,119.2,557,0.1,0.3,0.4,94.4,4.1,2.6,2
2017-12-01,73.3,129.7,581,0.4,0.1,0.6,95.9,4.1,3.2,2
2017-11-01,68.5,129.0,548,0.1,0.2,0.3,98.5,4.1,3.3,2
2017-10-01,66.7,112.7,539,0.5,0.1,1.0,100.7,4.2,3.0,2
2017-09-01,56.0,118.0,535,0.4,0.2,0.1,95.1,4.4,3.1,2
2017-08-01,57.1,115.5,544,0.1,0.1,0.3,97.6,4.3,3.0,2
2017-07-01,61.0,121.5,552,0.0,0.1,0.5278745644599302,93.4,4.4,2.6,2
2017-06-01,61.0,109.2,562,-0.1,0.1,0.1,95.1,4.3,1.4,2
2017-05-01,56.9,117.2,557,0.2,0.1,0.4,97.1,4.4,1.2,2
2017-04-01,62.1,121.5,571,-0.3,-0.1,0.5278745644599302,97.0,4.5,0.7,2
2017-03-01,59.2,128.8,548,0.1,0.2,0.1,96.9,4.7,2.1,2
2017-02-01,55.5,124.6,569,0.6,0.3,0.5278745644599302,96.3,4.8,1.9,2
2017-01-01,53.6,122.6,549,0.3,0.2,0.5,98.5,4.7,1.9,2
2016-12-01,59.2,109.0,561,0.2,0.2,0.2,98.2,4.6,3.5,2
2016-11-01,56.3,132.3,560,0.4,0.1,0.3,93.8,4.9,3.2,2
2016-10-01,59.3,104.7,547,0.3,0.1,0.5,87.2,5.0,2.9,2
2016-09-01,60.9,114.2,533,0.2,0.3,0.0,91.2,4.9,1.4,2
2016-08-01,65.4,121.1,539,0.0,0.1,0.3,89.8,4.9,1.1,2
2016-07-01,59.2,118.9,557,0.2,0.2,0.5278745644599302,90.0,4.9,1.2,2
2016-06-01,55.1,116.4,553,0.2,0.2,0.4,93.5,4.7,1.1,2
2016-05-01,61.9,117.2,545,0.4,0.2,1.0,94.7,5.0,0.8,2
2016-04-01,51.1,108.9,533,0.1,0.1,0.1,89.0,5.0,0.5,2
2016-03-01,51.2,117.8,508,-0.2,0.3,0.1,90.0,4.9,1.4,2
2016-02-01,49.4,109.9,547,0.0,0.3,0.5,91.7,4.9,1.0,2
2016-01-01,54.4,114.9,546,-0.1,0.1,0.5278745644599302,92.0,5.0,0.7,2
2015-12-01,49.0,117.3,476,0.0,0.2,0.3,92.6,5.0,2.0,2
2015-11-01,49.5,106.0,536,0.2,0.2,0.1,91.3,5.0,2.1,2
2015-10-01,46.8,120.6,555,-0.2,0.2,0.1,90.0,5.1,1.5,2
2015-09-01,55.2,112.6,531,-0.1,0.1,0.4,87.2,5.1,3.9,2
2015-08-01,50.7,120.6,559,0.1,0.1,0.3,91.9,5.3,3.7,3
2015-07-01,48.2,117.4,549,0.3,0.2,0.5278745644599302,93.1,5.3,2.3,2
2015-06-01,54.6,103.6,535,0.4,0.1,0.9,96.1,5.5,-0.2,2
2015-05-01,51.7,113.5,504,0.1,0.3,0.5278745644599302,90.7,5.4,-0.7,2
2015-04-01,48.1,92.6,519,0.2,0.2,0.4,95.9,5.5,0.2,2
2015-03-01,53.9,89.7,488,0.2,0.2,0.1,93.0,5.5,2.2,2
2015-02-01,48.1,106.5,482,-0.7,0.2,-0.3,95.4,5.7,2.2,2
2015-01-01,48.1,108.9,504,-0.4,0.0,0.5278745644599302,98.1,5.6,2.6,2
2014-12-01,43.8,102.8,493,-0.3,0.1,0.6,93.6,5.8,5.0,2
2014-11-01,45.8,100.9,526,0.0,0.2,0.2,88.8,5.8,3.9,2
2014-10-01,46.7,101.7,517,0.1,0.1,-0.2,86.9,5.9,3.5,2
2014-09-01,50.4,95.6,505,-0.2,0.0,0.5,84.6,6.1,4.6,2
2014-08-01,41.2,109.3,515,0.1,0.1,-0.1,82.5,6.2,4.2,2
2014-07-01,40.6,89.3,504,0.3,0.1,0.5278745644599302,81.3,6.1,4.0,2
2014-06-01,50.4,100.1,489,0.4,0.3,0.2,82.5,6.3,-2.9,2
2014-05-01,43.3,107.2,465,0.3,0.2,-0.1,81.9,6.3,-1.0,2
2014-04-01,38.4,94.6,459,0.2,0.2,0.5278745644599302,84.1,6.7,0.1,2
2014-03-01,44.0,90.7,460,0.1,0.1,0.3,80.0,6.7,2.6,2
2014-02-01,46.8,88.0,462,0.1,0.1,0.5278745644599302,81.6,6.6,2.4,2
2014-01-01,41.4,99.9,487,0.3,0.1,0.4,81.2,6.7,3.2,2
2013-12-01,46.4,109.1,490,0.0,0.2,0.5,82.5,7.0,4.1,2
2013-11-01,58.041833333333365,143.224086378738,512,-0.1,0.1,0.2,75.1,7.3,2.8,2
2013-10-01,58.041833333333365,143.224086378738,529,0.2,0.1,0.5278745644599302,73.2,7.2,1.78,2
2013-09-01,42.1,89.1,548,0.1,0.1,0.3,77.5,7.3,2.5,2
2013-08-01,39.4,89.6,539,0.2,0.2,0.1,82.1,7.4,2.5,2
2013-07-01,49.7,83.6,508,0.5,0.2,0.5278745644599302,85.1,7.6,1.7,2
2013-06-01,47.6,91.4,518,0.1,0.2,0.3,84.1,7.6,1.8,2
2013-05-01,45.4,85.3,497,-0.4,0.1,-0.2,84.5,7.5,2.4,2
2013-04-01,41.7,103.6,492,-0.2,0.1,0.2,76.4,7.6,2.5,2
2013-03-01,41.1,91.7,498,0.7,0.2,0.7,78.6,7.7,0.4,2
2013-02-01,43.7,89.0,492,0.0,0.3,0.5278745644599302,76.3,7.9,0.1,2
2013-01-01,36.9,95.4,494,0.0,0.1,0.2,71.3,7.8,-0.1,2
2012-12-01,37.7,86.1,504,-0.3,0.1,0.4,72.9,7.7,3.1,2
2012-11-01,36.8,89.4,479,0.1,0.2,-0.2,82.7,7.9,2.7,2
2012-10-01,38.9,87.2,475,0.6,0.1,0.8,82.6,7.8,2.0,2
2012-09-01,37.3,75.0,482,0.6,0.1,0.5,78.3,8.1,1.3,2
2012-08-01,37.2,74.6,447,0.0,0.1,0.4,74.3,8.3,1.7,2
2012-07-01,35.0,76.0,437,0.0,0.2,0.0,72.3,8.2,1.5,2
2012-06-01,36.9,70.8,455,-0.3,0.2,0.0,73.2,8.2,1.9,2
2012-05-01,34.3,71.7,462,0.0,0.2,0.5278745644599302,79.3,8.1,1.9,2
2012-04-01,32.8,65.4,448,0.3,0.2,0.3,76.4,8.2,2.2,2
2012-03-01,31.3,69.8,459,0.4,0.1,0.8,76.2,8.3,3.0,2
2012-02-01,32.1,69.9,457,0.2,0.2,0.5278745644599302,75.3,8.3,3.0,2
2012-01-01,30.7,65.7,461,0.0,0.1,0.0,75.0,8.5,2.8,2
2011-12-01,31.5,68.5,442,0.0,0.2,0.1,69.9,8.6,1.8,2
2011-11-01,30.7,62.8,497,-0.1,0.1,0.1,64.1,9.0,2.0,2
2011-10-01,31.3,65.8,491,0.3,0.1,0.6,60.9,9.1,2.5,2
2011-09-01,29.5,57.0,503,0.4,0.2,0.2,59.4,9.1,1.3,2
2011-08-01,29.8,60.0,467,0.5,0.2,0.8,55.7,9.1,1.0,3
2011-07-01,31.2,63.0,477,-0.2,0.3,0.5278745644599302,63.7,9.2,1.3,1
2011-06-01,31.9,56.0,481,0.2,0.3,0.0,71.8,9.1,1.9,2
2011-05-01,32.3,52.0,505,0.4,0.2,0.4,74.3,9.0,1.8,2
2011-04-01,30.0,55.0,510,0.5,0.1,0.6,69.8,8.8,1.8,2
2011-03-01,25.0,48.0,488,0.5,0.2,0.7,67.5,8.9,3.1,2
2011-02-01,28.4,60.0,536,0.4,0.2,0.2,77.5,9.0,2.8,2
2011-01-01,32.9,53.0,528,0.5,0.1,0.7,74.2,9.4,3.2,2
2010-12-01,29.0,56.0,468,0.1,0.1,0.4,74.5,9.8,2.6,2
2010-11-01,28.3,52.0,443,0.2,0.0,0.4,71.6,9.6,2.5,2
2010-10-01,30.7,61.0,453,0.1,0.0,0.4,67.7,9.6,2.0,2
2010-09-01,28.8,60.0,413,0.3,0.0,0.5278745644599302,66.6,9.6,1.7,2
2010-08-01,27.6,55.0,383,0.3,0.1,0.4,68.9,9.5,1.6,2
2010-07-01,33.0,55.0,537,-0.1,0.2,0.5278745644599302,67.8,9.5,2.4,3
2010-06-01,30.0,59.0,566,-0.2,0.1,0.2,76.0,9.7,2.7,2
2010-05-01,50.4,67.0,577,-0.1,0.0,0.0,73.6,9.9,3.0,2
2010-04-01,41.1,63.0,535,0.1,0.0,0.5278745644599302,72.2,9.7,3.2,2
2010-03-01,30.8,58.0,502,0.0,0.1,0.3,73.6,9.7,5.6,1
2010-02-01,30.9,59.0,505,0.2,-0.1,0.2,73.6,9.7,5.9,2
2010-01-01,34.2,56.0,545,0.1,0.1,0.5278745644599302,74.4,10.0,5.7,2
2009-12-01,35.5,57.0,654,0.4,0.0,0.5,72.5,10.0,2.2,2
2009-11-01,43.0,53.0,610,0.3,0.2,0.7,67.4,10.2,2.8,2
2009-10-01,40.2,59.0,557,0.2,0.2,-0.5,70.6,9.8,3.5,2
2009-09-01,42.9,60.0,510,0.4,0.1,0.5278745644599302,73.5,9.7,-0.7,2
2009-08-01,43.3,58.0,524,0.0,0.1,0.2,65.7,9.4,-1.0,2
2009-07-01,38.4,58.0,489,0.7,0.2,0.5278745644599302,66.0,9.5,-1.0,2
2009-06-01,34.2,53.0,477,0.1,0.1,0.3,70.8,9.4,-5.5,2
2009-05-01,35.2,46.0,468,0.0,0.3,0.5278745644599302,68.7,8.9,-5.7,3
2009-04-01,35.6,51.0,457,-0.1,0.2,-0.2,61.9,8.5,-6.1,2
2009-03-01,33.7,58.0,472,0.4,0.2,0.2,57.3,8.1,-6.3,2
2009-02-01,30.9,47.0,449,0.3,0.2,-1.0,56.3,7.6,-6.2,3
2009-01-01,33.1,55.0,474,-0.7,0.0,0.5278745644599302,61.9,7.2,-3.8,3
2008-12-01,40.7,63.0,449,-1.7,0.0,-0.6,60.1,6.7,-0.5,1
2008-11-01,43.3,79.0,498,-1.0,-0.1,-1.0,55.3,6.5,-0.5,1
2008-10-01,46.4,82.0,518,0.0,0.4,-0.3,57.6,6.1,-0.3,2
2008-09-01,46.0,90.0,491,-0.1,0.2,0.0,70.3,6.1,2.8,1
2008-08-01,51.5,97.0,500,0.8,0.3,0.2,61.7,5.7,3.3,1
2008-07-01,53.0,107.0,486,1.1,0.3,0.5278745644599302,61.2,5.6,1.9,1
2008-06-01,51.2,98.0,499,0.6,0.2,0.8,56.4,5.4,2.7,2
2008-05-01,52.6,103.0,489,0.2,0.1,0.2,59.5,5.0,1.78,2
2008-04-01,52.6,95.0,493,0.3,0.2,0.5278745644599302,62.6,5.1,0.6,1
2008-03-01,59.0,107.0,503,0.0,0.0,0.1,69.5,4.9,0.6,2
2008-02-01,58.8,101.0,489,0.3,0.3,0.4,70.8,5.0,0.6,2
2008-01-01,61.9,104.0,441,0.3,0.2,0.2,75.5,5.0,-0.136579805460741,2
2007-12-01,64.1,120.0,446,0.8,0.3,0.8,76.1,4.7,1.8761714584669296,2
2007-11-01,72.7,126.0,443,0.3,0.2,0.2,80.9,4.7,1.8761714584669296,2
2007-10-01,68.6,118.0,458,0.4,0.2,0.4,83.4,4.7,1.8761714584669296,2
2007-09-01,69.9,133.0,487,0.0,0.2,0.4,83.4,4.6,1.8761714584669296,2
2007-08-01,77.8,135.0,507,0.2,0.2,0.4,90.4,4.7,1.8761714584669296,2
2007-07-01,79.3,145.0,512,0.2,0.2,0.1,85.3,4.6,1.8761714584669296,2
2007-06-01,84.2,142.0,527,0.4,0.1,0.4,88.3,4.4,1.8761714584669296,2
2007-05-01,88.7,149.0,529,0.3,0.2,0.4,87.1,4.5,1.8761714584669296,2
2007-04-01,83.3,150.0,546,0.5,0.1,0.4,88.4,4.4,1.8761714584669296,2
2007-03-01,82.8,148.0,579,0.4,0.3,0.4,91.3,4.5,1.8761714584669296,2
2007-02-01,89.1,141.0,574,0.2,0.2,0.4,96.9,4.6,1.8761714584669296,2
2007-01-01,99.8,165.0,640,0.5,0.1,0.9,91.7,4.4,1.8761714584669296,2
2006-12-01,0.1,157.0,634,0.0,0.1,0.2,92.1,4.5,2.85497229170015,2
2006-11-01,94.1,149.0,636,-0.4,0.2,0.2,93.6,4.4,2.85497229170015,2
2006-10-01,0.1,172.0,628,-0.5,0.2,0.3,85.4,4.5,2.85497229170015,2
2006-09-01,0.1,165.0,634,0.4,0.2,0.1,82.0,4.7,2.85497229170015,2
2006-08-01,96.5,174.0,632,0.5,0.2,0.8,84.7,4.7,2.85497229170015,2
2006-07-01,0.1,180.0,648,0.2,0.2,0.3,84.9,4.6,2.85497229170015,2
2006-06-01,0.1,194.0,658,0.3,0.3,0.3,79.1,4.6,2.85497229170015,2
2006-05-01,0.1,182.0,670,0.5,0.2,0.6,87.4,4.7,2.85497229170015,2
2006-04-01,0.1,197.0,683,0.2,0.3,0.4,88.9,4.7,2.85497229170015,2
2006-03-01,0.1,212.0,684,0.1,0.2,0.4,86.7,4.8,2.85497229170015,2
2006-02-01,0.1,227.0,672,0.6,0.2,0.8,91.2,4.7,2.85497229170015,2
2006-01-01,0.1,199.0,684,0.0,0.1,0.4,91.5,4.9,2.85497229170015,2
2005-12-01,0.1,215.0,703,-0.5,0.2,0.3,81.6,5.0,3.51321379665302,2
2005-11-01,0.1,207.0,710,0.2,0.3,0.4,74.2,5.0,3.51321379665302,2
2005-10-01,0.1,215.0,725,1.4,0.1,0.6,76.9,5.0,3.51321379665302,2
2005-09-01,0.1,210.0,723,0.6,0.1,0.1,89.1,4.9,3.51321379665302,2
2005-08-01,0.1,205.0,714,0.6,0.1,1.1,96.5,5.0,3.51321379665302,2
2005-07-01,0.1,207.0,718,0.1,0.0,1.1,96.0,5.0,3.51321379665302,2
2005-06-01,0.1,203.0,708,-0.1,0.1,-0.4,86.9,5.1,3.51321379665302,2
2005-05-01,0.1,206.0,712,0.3,0.0,1.1,87.7,5.2,3.51321379665302,2
2005-04-01,0.1,186.0,696,0.4,0.4,0.5,92.6,5.2,3.51321379665302,2
2005-03-01,0.1,221.0,688,0.4,0.2,0.6,94.1,5.4,3.51321379665302,2
2005-02-01,0.1,214.0,710,-0.1,0.2,0.1,95.5,5.3,3.51321379665302,2
2005-01-01,0.1,204.0,689,0.0,0.2,0.7,97.1,5.4,3.51321379665302,2
2004-12-01,0.1,178.0,696,0.5,0.2,0.5,92.8,5.4,3.79889112662393,2
2004-11-01,0.1,207.0,685,0.5,0.2,0.5,91.7,5.5,3.79889112662393,2
2004-10-01,0.1,191.0,668,0.3,0.3,0.9,94.2,5.4,3.79889112662393,2
2004-09-01,0.1,202.0,670,0.1,0.1,0.3,95.9,5.4,3.79889112662393,2
2004-08-01,0.1,200.0,684,0.1,0.1,0.8,96.7,5.5,3.79889112662393,2
2004-07-01,0.1,183.0,692,0.4,0.2,-0.1,95.6,5.6,3.79889112662393,2
2004-06-01,0.1,198.0,685,0.4,0.2,0.9,90.2,5.6,3.79889112662393,2
2004-05-01,0.1,200.0,673,0.2,0.2,0.3,94.2,5.6,3.79889112662393,2
2004-04-01,0.1,200.0,666,0.2,0.3,0.6,95.8,5.8,3.79889112662393,2
2004-03-01,0.1,185.0,641,0.2,0.2,0.4,94.4,5.6,3.79889112662393,2
2004-02-01,0.1,191.0,623,0.4,0.2,0.8,103.8,5.7,3.79889112662393,2
2004-01-01,0.1,206.0,649,0.3,0.1,0.3,92.6,5.7,3.79889112662393,2
2003-12-01,0.1,208.0,623,0.1,0.0,0.8,93.7,5.8,2.86121076741024,2
2003-11-01,0.1,197.0,639,-0.1,0.2,0.2,89.6,6.0,2.86121076741024,2
2003-10-01,0.1,194.0,658,0.3,0.1,-0.1,87.7,6.1,2.86121076741024,2
2003-09-01,0.1,183.0,652,0.4,0.1,1.2,89.3,6.1,2.86121076741024,2
2003-08-01,0.1,190.0,627,0.3,0.2,0.8,90.9,6.2,2.86121076741024,2
2003-07-01,0.1,187.0,594,0.1,0.1,0.7,89.7,6.3,2.86121076741024,2
2003-06-01,0.1,175.0,594,-0.2,0.2,0.1,92.1,6.1,2.86121076741024,2
2003-05-01,0.1,164.0,584,-0.4,0.0,0.4,86.0,6.0,2.86121076741024,2
2003-04-01,99.9,173.0,586,0.2,0.0,0.7,77.6,5.9,2.86121076741024,2
2003-03-01,93.6,163.0,602,0.5,0.1,-0.1,79.9,5.9,2.86121076741024,2
2003-02-01,99.9,185.0,603,0.4,0.2,0.4,82.4,5.8,2.86121076741024,3
2003-01-01,0.1,179.0,597,0.2,0.1,0.7,86.7,6.0,2.86121076741024,2
2002-12-01,0.1,175.0,573,0.2,0.2,0.4,84.2,5.9,1.7416952497298,2
2002-11-01,0.1,165.0,568,0.2,0.1,0.6,80.6,5.7,1.7416952497298,2
2002-10-01,0.1,180.0,552,0.2,0.1,-0.3,86.1,5.7,1.7416952497298,2
2002-09-01,0.1,163.0,536,0.3,0.3,0.3,87.6,5.7,1.7416952497298,2
2002-08-01,95.6,166.0,541,0.2,0.2,0.8,88.1,5.8,1.7416952497298,3
2002-07-01,95.7,172.0,551,0.1,0.1,0.6,92.4,5.8,1.7416952497298,1
2002-06-01,97.8,176.0,564,0.1,0.2,-0.3,96.9,5.8,1.7416952497298,2
2002-05-01,93.6,159.0,567,0.4,0.3,0.9,93.0,5.9,1.7416952497298,1
2002-04-01,92.3,164.0,563,0.3,0.1,0.2,95.7,5.7,1.7416952497298,1
2002-03-01,94.8,183.0,590,0.2,0.2,0.6,90.7,5.7,1.7416952497298,2
2002-02-01,88.0,170.0,586,0.2,0.2,0.4,93.0,5.7,1.7416952497298,2
2002-01-01,97.9,157.0,549,-0.1,0.2,-0.3,88.8,5.7,1.7416952497298,2
2001-12-01,92.4,160.0,524,-0.1,0.4,-0.6,83.9,5.5,0.9983407946565,2
2001-11-01,87.1,154.0,525,-0.3,0.2,2.8,82.7,5.3,0.9983407946565,2
2001-10-01,85.3,156.0,523,0.4,0.2,-1.3,81.8,5.0,0.9983407946565,2
2001-09-01,86.6,157.0,548,0.0,0.2,0.5,91.5,4.9,0.9983407946565,3
2001-08-01,88.0,167.0,543,-0.2,0.2,0.2,92.4,4.6,0.9983407946565,2
2001-07-01,88.2,164.0,543,0.2,0.4,0.2,92.6,4.5,0.9983407946565,1
2001-06-01,88.5,161.0,527,0.5,0.1,0.7,92.0,4.3,0.9983407946565,2
2001-05-01,90.9,165.0,532,0.2,0.2,0.2,88.4,4.4,0.9983407946565,2
2001-04-01,93.9,159.0,545,0.1,0.2,-0.1,91.5,4.3,0.9983407946565,2
2001-03-01,96.3,163.0,523,0.2,0.3,0.3,90.6,4.2,0.9983407946565,2
2001-02-01,93.6,160.0,510,0.6,0.3,0.4,94.7,4.2,0.9983407946565,3
2001-01-01,98.3,153.0,510,0.2,0.1,0.6,98.4,3.9,0.9983407946565,2
2000-12-01,88.0,155.0,535,0.2,0.3,0.2,107.6,3.9,4.127484013558529,1
2000-11-01,93.3,155.0,525,0.2,0.2,0.1,105.8,3.9,4.127484013558529,2
2000-10-01,91.2,151.0,529,0.5,0.2,1.2,106.8,3.9,4.127484013558529,2
2000-09-01,84.8,154.0,517,0.0,0.2,0.5,107.3,4.1,4.127484013558529,1
2000-08-01,88.7,146.0,511,0.3,0.2,0.3,108.3,4.0,4.127484013558529,2
2000-07-01,79.3,156.0,513,0.6,0.2,0.5,106.4,4.0,4.127484013558529,2
2000-06-01,85.7,158.0,511,0.2,0.2,0.5,110.7,4.0,4.127484013558529,2
2000-05-01,84.1,163.0,520,-0.1,0.2,-0.2,109.2,3.8,4.127484013558529,2
2000-04-01,90.0,160.0,519,0.6,0.3,1.0,107.1,4.0,4.127484013558529,2
2000-03-01,85.6,174.0,512,0.4,0.1,1.3,111.3,4.1,4.127484013558529,2
2000-02-01,87.3,164.0,523,0.3,0.3,-0.1,111.4,4.0,4.127484013558529,2
2000-01-01,87.3,171.0,508,0.2,0.2,1.6,105.4,4.0,4.127484013558529,3
1999-12-01,86.3,165.0,509,0.2,0.2,0.6,107.2,4.1,4.75323598879717,2
1999-11-01,87.2,161.0,511,0.2,0.2,0.4,103.2,4.1,4.75323598879717,2
1999-10-01,82.6,164.0,512,0.4,0.3,0.8,107.2,4.2,4.75323598879717,2
1999-09-01,89.3,165.0,523,0.2,0.1,0.7,104.5,4.2,4.75323598879717,2
1999-08-01,90.0,167.0,525,0.4,0.3,0.4,106.0,4.3,4.75323598879717,2
1999-07-01,92.3,156.0,543,0.0,0.1,0.5,107.3,4.3,4.75323598879717,2
1999-06-01,88.8,161.0,519,0.1,0.1,0.5,106.8,4.2,4.75323598879717,2
1999-05-01,91.8,155.0,508,0.7,0.3,1.0,104.6,4.3,4.75323598879717,2
1999-04-01,86.3,171.0,515,0.1,0.1,0.5,105.7,4.2,4.75323598879717,2
1999-03-01,84.8,167.0,510,0.0,0.0,0.5,108.1,4.4,4.75323598879717,2
1999-02-01,87.5,175.0,523,0.2,0.1,0.0,103.9,4.3,4.75323598879717,2
1999-01-01,94.9,179.0,528,0.2,0.3,0.9,100.5,4.4,4.75323598879717,2
1998-12-01,99.5,166.0,512,0.1,0.2,0.3,102.7,4.4,4.481407554512071,2
1998-11-01,89.3,172.0,505,0.2,0.1,0.6,97.4,4.5,4.481407554512071,2
1998-10-01,86.4,158.0,497,0.1,0.1,0.7,100.9,4.6,4.481407554512071,2
1998-09-01,84.6,161.0,497,0.1,0.3,0.6,104.4,4.5,4.481407554512071,2
1998-08-01,87.6,170.0,502,0.2,0.2,0.3,105.2,4.5,4.481407554512071,3
1998-07-01,92.3,164.0,490,0.1,0.2,0.6,105.6,4.5,4.481407554512071,2
1998-06-01,88.7,154.0,496,0.2,0.2,0.9,106.5,4.4,4.481407554512071,1
1998-05-01,86.6,154.0,491,0.1,0.2,0.7,108.7,4.3,4.481407554512071,2
1998-04-01,83.6,157.0,494,0.0,0.2,0.5,106.5,4.7,4.481407554512071,2
1998-03-01,86.6,158.0,483,0.0,0.2,0.6,110.4,4.6,4.481407554512071,2
1998-02-01,87.2,153.0,461,0.1,0.2,0.0,106.6,4.6,4.481407554512071,2
1998-01-01,79.3,157.0,467,0.1,0.2,0.5,102.1,4.7,4.481407554512071,2
1997-12-01,86.4,151.0,457,0.1,0.1,0.4,107.2,4.6,4.44721634273408,3
1997-11-01,80.0,152.0,465,0.2,0.2,0.6,105.6,4.7,4.44721634273408,2
1997-10-01,84.0,155.0,453,0.2,0.2,0.2,106.0,4.9,4.44721634273408,2
1997-09-01,81.5,139.0,447,0.2,0.1,0.7,104.4,4.8,4.44721634273408,2
1997-08-01,80.5,144.0,430,0.1,0.2,1.0,107.1,4.9,4.44721634273408,2
1997-07-01,79.3,149.0,425,0.2,0.1,0.6,104.5,5.0,4.44721634273408,2
1997-06-01,76.0,144.0,432,0.0,0.2,0.0,103.2,4.9,4.44721634273408,2
1997-05-01,74.4,149.0,419,0.1,0.3,0.1,101.4,5.1,4.44721634273408,3
1997-04-01,83.1,146.0,419,0.1,0.2,0.4,100.0,5.2,4.44721634273408,2
1997-03-01,80.1,149.0,428,0.2,0.2,0.4,99.7,5.2,4.44721634273408,2
1997-02-01,83.0,136.0,426,0.2,0.2,0.6,97.4,5.3,4.44721634273408,2
1997-01-01,80.5,137.0,417,0.3,0.1,0.5,96.9,5.4,4.44721634273408,2
1996-12-01,77.1,149.0,421,0.3,0.2,0.4,99.2,5.4,3.77250131926519,2
1996-11-01,72.0,139.0,413,0.3,0.2,0.6,96.5,5.2,3.77250131926519,2
1996-10-01,77.0,148.0,412,0.3,0.3,0.4,94.7,5.2,3.77250131926519,2
1996-09-01,82.6,156.0,419,0.1,0.2,0.4,95.3,5.1,3.77250131926519,3
1996-08-01,77.0,147.0,424,0.2,0.2,0.4,94.7,5.5,3.77250131926519,2
1996-07-01,72.1,147.0,417,0.2,0.2,0.1,92.4,5.3,3.77250131926519,2
1996-06-01,74.6,150.0,431,0.2,0.2,0.3,89.4,5.6,3.77250131926519,2
1996-05-01,73.6,152.0,434,0.4,0.1,0.7,92.7,5.6,3.77250131926519,2
1996-04-01,72.1,142.0,420,0.3,0.2,0.8,93.7,5.5,3.77250131926519,2
1996-03-01,76.9,149.0,401,0.2,0.2,0.9,88.5,5.5,3.77250131926519,2
1996-02-01,71.4,147.0,406,0.5,0.4,-0.2,89.3,5.6,3.77250131926519,2
1996-01-01,70.9,143.0,410,0.1,0.1,0.8,91.0,5.6,3.77250131926519,2
1995-12-01,66.4,145.0,412,0.1,0.2,0.8,88.2,5.6,2.68428713241977,2
1995-11-01,69.6,137.0,413,0.3,0.3,-0.1,90.2,5.5,2.68428713241977,2
1995-10-01,67.8,137.0,417,0.1,0.2,0.3,88.9,5.6,2.68428713241977,2
1995-09-01,70.1,142.0,411,0.2,0.2,0.7,96.2,5.7,2.68428713241977,2
1995-08-01,76.5,146.0,396,0.1,0.2,-0.1,94.4,5.7,2.68428713241977,2
1995-07-01,72.5,128.0,384,0.2,0.2,0.9,92.7,5.6,2.68428713241977,2
1995-06-01,67.4,131.0,369,0.2,0.2,0.9,89.8,5.6,2.68428713241977,2
1995-05-01,62.1,127.0,346,0.4,0.3,0.1,92.5,5.8,2.68428713241977,2
1995-04-01,61.6,125.0,365,0.2,0.3,0.7,90.3,5.4,2.68428713241977,2
1995-03-01,55.9,132.0,367,0.3,0.3,0.0,95.1,5.4,2.68428713241977,2
1995-02-01,62.6,141.0,368,0.3,0.4,0.2,97.6,5.6,2.68428713241977,2
1995-01-01,62.9,146.0,381,0.2,0.1,0.3,95.1,5.5,2.68428713241977,2
1994-12-01,64.6,151.0,371,0.3,0.3,0.3,91.6,5.6,4.0288390635428,2
1994-11-01,71.5,145.0,378,0.1,0.2,0.8,92.7,5.8,4.0288390635428,2
1994-10-01,67.7,147.0,376,0.2,0.3,0.3,91.5,5.9,4.0288390635428,2
1994-09-01,65.6,145.0,385,0.4,0.3,0.9,91.7,6.0,4.0288390635428,2
1994-08-01,62.8,144.0,382,0.3,0.2,0.3,89.0,6.1,4.0288390635428,2
1994-07-01,62.1,141.0,397,0.3,0.3,0.8,91.2,6.1,4.0288390635428,2
1994-06-01,69.1,153.0,409,0.2,0.3,0.0,92.8,6.1,4.0288390635428,2
1994-05-01,69.2,147.0,414,0.1,0.1,0.5,92.6,6.4,4.0288390635428,2
1994-04-01,74.7,156.0,405,0.3,0.3,0.3,91.5,6.5,4.0288390635428,2
1994-03-01,68.6,134.0,396,0.3,0.2,1.0,93.2,6.6,4.0288390635428,2
1994-02-01,61.9,127.0,417,0.0,0.1,0.3,94.3,6.6,4.0288390635428,2
1994-01-01,81.2,153.0,428,0.2,0.3,0.4,88.2,6.5,4.0288390635428,2
1993-12-01,76.9,138.0,408,0.3,0.3,0.5,81.2,6.6,2.75284432688012,2
1993-11-01,70.4,139.0,393,0.4,0.3,0.5,82.7,6.8,2.75284432688012,2
1993-10-01,72.6,134.0,392,0.1,0.1,0.7,77.9,6.7,2.75284432688012,2
1993-09-01,64.5,130.0,385,0.2,0.3,0.3,77.3,6.8,2.75284432688012,2
1993-08-01,65.5,125.0,383,0.1,0.1,0.6,77.0,6.9,2.75284432688012,2
1993-07-01,65.3,128.0,372,0.1,0.2,0.4,81.5,7.0,2.75284432688012,2
1993-06-01,62.6,126.0,360,0.3,0.3,0.7,80.3,7.1,2.75284432688012,2
1993-05-01,70.1,126.0,344,0.3,0.4,0.9,85.6,7.1,2.75284432688012,2
1993-04-01,60.2,108.0,344,0.1,0.1,-0.1,85.9,7.0,2.75284432688012,2
1993-03-01,60.4,121.0,354,0.2,0.3,0.3,86.6,7.1,2.75284432688012,2
1993-02-01,59.6,121.0,371,0.4,0.3,0.1,89.3,7.3,2.75284432688012,2
1993-01-01,65.0,123.0,383,0.1,0.3,0.8,91.0,7.4,2.75284432688012,2
1992-12-01,61.4,121.0,366,0.3,0.3,0.4,85.3,7.4,3.52244249386644,2
1992-11-01,62.1,124.0,359,0.4,0.5,0.7,73.3,7.3,3.52244249386644,2
1992-10-01,65.0,119.0,339,0.2,0.1,0.8,75.6,7.6,3.52244249386644,2
1992-09-01,63.6,123.0,332,0.2,0.2,0.4,76.1,7.6,3.52244249386644,2
1992-08-01,62.7,114.0,335,0.3,0.3,0.7,76.6,7.7,3.52244249386644,2
1992-07-01,59.6,115.0,334,0.3,0.2,0.5,80.4,7.8,3.52244249386644,2
1992-06-01,55.4,121.0,342,0.2,0.3,0.7,79.2,7.6,3.52244249386644,2
1992-05-01,54.6,110.0,350,0.2,0.3,0.4,77.2,7.4,3.52244249386644,2
1992-04-01,55.4,130.0,351,0.4,0.3,0.4,76.0,7.4,3.52244249386644,2
1992-03-01,63.9,125.0,350,0.2,0.2,0.4,68.8,7.4,3.52244249386644,2
1992-02-01,67.6,118.0,326,0.1,0.3,1.6,67.5,7.3,3.52244249386644,2
1992-01-01,55.8,108.0,314,0.3,0.3,0.4,68.2,7.3,3.52244249386644,2
1991-12-01,57.5,110.0,309,0.4,0.3,0.7,69.1,7.0,-0.108259105278663,2
1991-11-01,52.4,108.0,307,0.1,0.2,-0.2,78.3,7.0,-0.108259105278663,2
1991-10-01,48.7,102.0,317,0.3,0.3,0.4,83.0,6.9,-0.108259105278663,3
1991-09-01,52.6,105.0,313,0.3,0.4,0.1,82.0,6.9,-0.108259105278663,2
1991-08-01,51.1,106.0,326,0.1,0.4,0.6,82.9,6.8,-0.108259105278663,2
1991-07-01,51.6,104.0,340,0.3,0.4,0.2,82.1,6.9,-0.108259105278663,2
1991-06-01,51.7,100.0,340,0.4,0.3,0.7,78.3,6.9,-0.108259105278663,2
1991-05-01,50.8,100.0,323,0.2,0.3,-0.1,81.8,6.7,-0.108259105278663,2
1991-04-01,50.7,92.0,312,0.0,0.2,1.2,87.7,6.8,-0.108259105278663,2
1991-03-01,48.2,97.0,309,0.1,0.5,0.7,70.4,6.6,-0.108259105278663,2
1991-02-01,40.1,80.0,290,0.4,0.6,-0.5,66.8,6.4,-0.108259105278663,2
1991-01-01,46.4,97.0,290,0.4,0.4,-0.3,65.5,6.3,-0.108259105278663,2
1990-12-01,49.3,115.0,298,0.2,0.3,0.0,66.0,6.2,1.88596032309418,2
1990-11-01,46.5,101.0,312,0.7,0.4,0.0,63.9,5.9,1.88596032309418,2
1990-10-01,49.6,111.0,318,0.7,0.4,0.6,72.8,5.9,1.88596032309418,2
1990-09-01,52.8,112.0,334,0.8,0.6,0.7,76.4,5.7,1.88596032309418,2
1990-08-01,54.2,117.0,319,0.5,0.5,0.5,88.2,5.5,1.88596032309418,2
1990-07-01,54.5,118.0,321,0.6,0.5,0.8,88.3,5.2,1.88596032309418,2
1990-06-01,53.4,121.0,320,0.2,0.3,0.2,90.6,5.4,1.88596032309418,1
1990-05-01,54.2,125.0,322,0.2,0.4,0.4,93.9,5.4,1.88596032309418,2
1990-04-01,57.4,129.0,334,0.5,0.6,0.7,91.3,5.2,1.88596032309418,2
1990-03-01,59.1,144.0,340,0.4,0.5,-0.1,89.5,5.3,1.88596032309418,3
1990-02-01,62.0,155.0,363,1.0,0.4,1.3,93.0,5.4,1.88596032309418,2
1990-01-01,63.0,125.0,337,0.3,0.4,1.1,90.5,5.4,1.88596032309418,2
1989-12-01,68.4,135.0,341,0.4,0.4,0.3,90.9,5.4,3.67265632851046,2
1989-11-01,64.5,141.0,349,0.5,0.5,0.3,93.9,5.3,3.67265632851046,2
1989-10-01,63.9,128.0,354,0.2,0.3,0.0,95.8,5.3,3.67265632851046,2
1989-09-01,69.7,133.0,332,0.0,0.2,1.0,89.6,5.2,3.67265632851046,2
1989-08-01,73.1,143.0,326,0.3,0.3,0.5,92.0,5.2,3.67265632851046,2
1989-07-01,64.2,140.0,312,0.3,0.4,0.4,90.6,5.3,3.67265632851046,2
1989-06-01,65.6,133.0,311,0.5,0.4,0.2,90.7,5.2,3.67265632851046,2
1989-05-01,60.8,134.0,317,0.7,0.3,1.3,91.5,5.2,3.67265632851046,3
1989-04-01,56.7,142.0,330,0.5,0.4,0.3,94.3,5.0,3.67265632851046,2
1989-03-01,62.2,143.0,350,0.3,0.3,0.1,95.4,5.2,3.67265632851046,2
1989-02-01,71.9,162.0,360,0.4,0.4,0.7,97.9,5.4,3.67265632851046,2
1989-01-01,65.8,156.0,373,0.3,0.3,0.9,91.9,5.3,3.67265632851046,2
1988-12-01,62.8,157.0,353,0.3,0.3,0.5,93.0,5.3,4.17704638444378,2
1988-11-01,71.8,152.0,358,0.3,0.4,1.2,94.1,5.4,4.17704638444378,3
1988-10-01,70.3,149.0,356,0.4,0.6,0.2,97.3,5.4,4.17704638444378,2
1988-09-01,68.8,149.0,355,0.4,0.3,0.7,97.4,5.6,4.17704638444378,2
1988-08-01,67.9,147.0,356,0.4,0.3,0.7,93.4,5.4,4.17704638444378,2
1988-07-01,71.7,148.0,367,0.4,0.4,0.7,94.7,5.4,4.17704638444378,2
1988-06-01,68.4,142.0,354,0.3,0.3,0.9,94.8,5.6,4.17704638444378,2
1988-05-01,69.9,157.0,343,0.6,0.5,0.1,91.2,5.4,4.17704638444378,2
1988-04-01,66.9,153.0,332,0.3,0.4,1.2,94.6,5.7,4.17704638444378,2
1988-03-01,66.3,147.0,323,0.2,0.2,0.2,91.6,5.7,4.17704638444378,2
1988-02-01,58.5,127.0,309,0.3,0.4,1.2,90.8,5.7,4.17704638444378,2
1988-01-01,59.5,140.0,317,0.2,0.2,1.0,86.8,5.7,4.17704638444378,2
1987-12-01,62.5,166.0,323,0.3,0.3,0.3,83.1,5.8,3.45957255534883,2
1987-11-01,65.0,152.0,334,0.3,0.5,0.3,89.3,6.0,3.45957255534883,2
1987-10-01,66.6,170.0,332,0.3,0.4,-0.1,93.6,5.9,3.45957255534883,3
1987-09-01,65.7,161.0,329,0.4,0.3,1.2,94.4,6.0,3.45957255534883,1
1987-08-01,65.8,158.0,342,0.3,0.3,0.7,93.7,6.1,3.45957255534883,1
1987-07-01,63.7,159.0,345,0.4,0.2,0.8,91.5,6.2,3.45957255534883,2
1987-06-01,65.1,163.0,363,0.3,0.3,0.3,91.1,6.3,3.45957255534883,2
1987-05-01,73.5,161.0,350,0.4,0.6,0.8,92.8,6.3,3.45957255534883,2
1987-04-01,71.3,173.0,364,0.4,0.3,0.4,90.8,6.6,3.45957255534883,2
1987-03-01,73.2,178.0,365,0.4,0.3,2.3,90.2,6.6,3.45957255534883,2
1987-02-01,70.9,177.0,349,0.5,0.3,-2.0,90.4,6.6,3.45957255534883,2
1987-01-01,78.4,183.0,390,0.4,0.3,2.3,89.1,6.6,3.45957255534883,2
1986-12-01,70.7,162.0,374,0.2,0.3,-0.1,91.4,6.9,3.46265171279892,2
1986-11-01,66.9,168.0,357,0.2,0.3,-1.3,95.6,7.0,3.46265171279892,3
1986-10-01,76.3,169.0,357,0.4,0.4,2.5,91.9,7.0,3.46265171279892,2
1986-09-01,62.1,181.0,351,0.1,0.4,0.6,94.9,6.9,3.46265171279892,2
1986-08-01,69.8,178.0,344,0.1,0.4,0.7,97.7,7.0,3.46265171279892,2
1986-07-01,72.8,185.0,336,0.4,0.3,0.2,99.3,7.2,3.46265171279892,1
1986-06-01,78.9,185.0,337,0.3,0.2,0.8,94.8,7.2,3.46265171279892,3
1986-05-01,85.7,193.0,349,-0.4,0.4,0.4,96.2,7.1,3.46265171279892,2
1986-04-01,88.0,188.0,320,-0.5,0.3,0.1,95.1,7.2,3.46265171279892,2
1986-03-01,72.8,185.0,327,-0.2,0.3,-0.2,95.9,7.2,3.46265171279892,2
1986-02-01,73.3,197.0,331,0.4,0.4,0.5,95.6,6.7,3.46265171279892,2
1986-01-01,72.1,194.0,329,0.5,0.3,1.4,93.9,7.0,3.46265171279892,2
1985-12-01,73.3,170.0,329,0.5,0.5,0.6,90.9,7.0,4.169655954302431,3
1985-11-01,65.5,183.0,333,0.4,0.5,-1.4,88.4,7.1,4.169655954302431,2
1985-10-01,67.8,168.0,332,0.2,0.2,1.6,92.1,7.1,4.169655954302431,2
1985-09-01,72.6,174.0,336,0.2,0.4,1.3,92.4,7.1,4.169655954302431,2
1985-08-01,76.6,168.0,312,0.2,0.3,1.0,94.0,7.4,4.169655954302431,2
1985-07-01,72.2,168.0,304,0.3,0.3,-0.2,96.5,7.4,4.169655954302431,2
1985-06-01,67.8,168.0,297,0.2,0.4,1.4,91.8,7.2,4.169655954302431,2
1985-05-01,62.0,182.0,296,0.2,0.3,0.4,94.6,7.3,4.169655954302431,2
1985-04-01,67.1,180.0,296,0.5,0.4,0.3,93.7,7.2,4.169655954302431,2
1985-03-01,68.2,163.0,288,0.6,0.6,0.8,93.7,7.2,4.169655954302431,2
1985-02-01,64.5,171.0,294,0.2,0.3,1.4,96.0,7.3,4.169655954302431,2
1985-01-01,59.7,161.0,277,0.2,0.4,0.4,92.9,7.3,4.169655954302431,2
1984-12-01,59.7,169.0,277,0.2,0.2,1.6,95.7,7.2,7.236619993573849,2
1984-11-01,68.7,159.0,265,0.4,0.4,-0.1,96.3,7.4,7.236619993573849,3
1984-10-01,66.2,170.0,265,0.3,0.4,0.9,100.9,7.3,7.236619993573849,2
1984-09-01,56.7,159.0,269,0.3,0.4,0.7,99.1,7.5,7.236619993573849,2
1984-08-01,61.9,173.0,280,0.4,0.5,0.0,96.6,7.5,7.236619993573849,2
1984-07-01,63.0,184.0,290,0.2,0.4,0.9,95.5,7.2,7.236619993573849,2
1984-06-01,61.5,177.0,293,0.2,0.4,0.7,98.1,7.4,7.236619993573849,3
1984-05-01,63.9,185.0,298,0.4,0.5,1.1,96.1,7.7,7.236619993573849,2
1984-04-01,64.1,166.0,292,0.3,0.4,1.2,101.0,7.8,7.236619993573849,2
1984-03-01,69.6,226.0,289,0.5,0.3,-0.6,97.4,7.8,7.236619993573849,2
1984-02-01,69.1,190.0,285,0.7,0.7,1.1,100.1,8.0,7.236619993573849,2
1984-01-01,77.3,169.0,280,0.3,0.3,1.2,94.2,8.3,7.236619993573849,2
1983-12-01,64.4,179.0,267,0.3,0.5,0.4,91.1,8.5,4.5839273156610085,2
1983-11-01,63.2,172.0,271,0.4,0.5,1.0,89.3,8.8,4.5839273156610085,2
1983-10-01,60.8,171.0,278,0.3,0.4,0.6,89.9,9.2,4.5839273156610085,2
1983-09-01,57.2,191.0,277,0.3,0.3,0.7,90.9,9.5,4.5839273156610085,2
1983-08-01,60.6,179.0,278,0.4,0.6,1.2,92.8,9.4,4.5839273156610085,2
1983-07-01,65.1,173.0,277,0.2,0.3,1.3,92.2,10.1,4.5839273156610085,2
1983-06-01,66.4,178.0,274,0.4,0.3,0.9,93.3,10.1,4.5839273156610085,2
1983-05-01,63.8,147.0,260,0.7,0.4,1.1,89.1,10.2,4.5839273156610085,2
1983-04-01,59.6,161.0,259,0.1,0.2,1.2,80.8,10.3,4.5839273156610085,2
1983-03-01,56.2,170.0,243,0.1,0.4,0.1,74.6,10.4,4.5839273156610085,2
1983-02-01,58.2,159.0,257,0.2,0.4,0.6,70.4,10.4,4.5839273156610085,3
1983-01-01,52.1,130.0,229,-0.3,-0.1,0.6,71.9,10.8,4.5839273156610085,2
1982-12-01,55.4,137.0,223,-0.1,-0.2,1.1,72.1,10.8,-1.80287445271176,2
1982-11-01,48.0,117.0,209,0.4,0.3,1.0,73.4,10.4,-1.80287445271176,2
1982-10-01,48.1,114.0,195,0.0,0.1,1.2,69.3,10.1,-1.80287445271176,2
1982-09-01,40.7,105.0,190,0.2,0.4,0.4,65.4,9.8,-1.80287445271176,2
1982-08-01,37.5,117.0,189,0.5,0.6,1.2,65.4,9.8,-1.80287445271176,3
1982-07-01,37.0,90.0,189,1.1,0.7,0.2,65.7,9.6,-1.80287445271176,2
1982-06-01,38.4,103.0,186,0.9,0.7,0.9,67.5,9.4,-1.80287445271176,3
1982-05-01,33.9,92.0,189,0.3,0.9,0.1,65.5,9.3,-1.80287445271176,2
1982-04-01,37.4,93.0,199,0.0,0.1,0.2,62.0,9.0,-1.80287445271176,2
1982-03-01,36.5,87.0,199,0.3,0.5,1.2,66.5,8.9,-1.80287445271176,2
1982-02-01,36.8,84.0,191,0.3,0.3,0.4,71.0,8.6,-1.80287445271176,2
1982-01-01,45.7,91.0,202,0.3,0.5,0.9,64.3,8.5,-1.80287445271176,2
1981-12-01,38.2,84.0,202,0.4,0.4,0.3,62.5,8.3,2.53771869780746,2
1981-11-01,35.6,87.0,208,0.3,0.3,-0.1,70.3,7.9,2.53771869780746,2
1981-10-01,33.8,91.0,218,1.0,1.2,-0.1,73.1,7.6,2.53771869780746,2
1981-09-01,37.8,94.0,234,0.8,1.0,1.2,77.2,7.4,2.53771869780746,2
1981-08-01,43.1,104.0,249,1.1,1.4,0.4,74.1,7.2,2.53771869780746,2
1981-07-01,41.5,105.0,259,0.9,0.9,1.1,73.1,7.5,2.53771869780746,2
1981-06-01,46.7,114.0,263,0.7,0.9,0.5,76.3,7.5,2.53771869780746,2
1981-05-01,47.0,136.0,267,0.6,0.7,0.1,72.4,7.2,2.53771869780746,2
1981-04-01,51.4,131.0,260,0.7,0.6,1.0,66.5,7.4,2.53771869780746,2
1981-03-01,51.0,125.0,269,0.9,0.6,0.8,66.9,7.4,2.53771869780746,2
1981-02-01,51.1,155.0,271,0.9,0.6,1.0,71.4,7.5,2.53771869780746,2
1981-01-01,53.2,148.0,291,0.9,1.2,1.4,64.5,7.2,2.53771869780746,2
1980-12-01,56.2,151.0,305,1.1,1.1,0.5,76.7,7.5,-0.256751930992138,2
1980-11-01,56.1,152.0,321,1.0,1.1,2.0,75.0,7.5,-0.256751930992138,2
1980-10-01,59.6,147.0,340,0.8,1.0,0.9,73.7,7.5,-0.256751930992138,2
1980-09-01,65.9,144.0,305,0.7,0.6,0.9,67.3,7.7,-0.256751930992138,3
1980-08-01,63.6,127.0,293,0.1,-0.2,1.6,62.3,7.8,-0.256751930992138,2
1980-07-01,55.2,120.0,260,1.0,1.1,1.1,58.7,7.6,-0.256751930992138,2
1980-06-01,46.9,93.0,248,1.0,0.8,0.3,51.7,7.5,-0.256751930992138,2
1980-05-01,37.0,105.0,254,1.0,1.1,-0.8,52.7,6.9,-0.256751930992138,2
1980-04-01,47.4,105.0,297,1.4,1.4,0.4,56.5,6.3,-0.256751930992138,2
1980-03-01,54.1,135.0,319,1.3,1.0,0.2,66.9,6.3,-0.256751930992138,2
1980-02-01,59.2,134.0,333,1.4,1.3,1.8,67.0,6.3,-0.256751930992138,2
1980-01-01,55.9,150.0,339,1.2,1.2,0.5,61.0,6.0,-0.256751930992138,1
1979-12-01,59.7,152.0,348,1.1,1.1,1.0,63.3,5.9,3.16615027095321,2
1979-11-01,67.0,168.0,377,1.1,1.0,0.5,62.1,6.0,3.16615027095321,2
1979-10-01,72.7,183.0,394,0.9,0.8,1.1,66.7,5.9,3.16615027095321,2
1979-09-01,72.9,178.0,384,1.0,1.1,1.9,64.5,6.0,3.16615027095321,2
1979-08-01,71.5,176.0,382,1.1,0.8,0.7,60.4,5.7,3.16615027095321,2
1979-07-01,70.0,191.0,380,1.1,0.7,1.1,65.8,5.7,3.16615027095321,2
1979-06-01,72.7,188.0,409,1.1,0.7,1.3,68.1,5.6,3.16615027095321,2
1979-05-01,74.8,175.0,399,1.0,0.7,0.5,66.0,5.8,3.16615027095321,2
1979-04-01,79.3,185.0,396,1.0,0.9,0.9,68.4,5.8,3.16615027095321,2
1979-03-01,72.3,152.0,399,1.0,1.0,1.0,73.9,5.9,3.16615027095321,2
1979-02-01,75.4,163.0,386,0.9,0.7,0.4,72.1,5.9,3.16615027095321,2
1979-01-01,80.5,204.0,398,0.6,0.6,1.1,66.1,6.0,3.16615027095321,2
1978-12-01,79.8,209.0,415,0.6,0.6,0.9,75.0,5.9,5.53530269328533,2
1978-11-01,87.2,198.0,400,0.9,0.7,1.0,79.3,5.8,5.53530269328533,2
1978-10-01,81.2,197.0,393,0.9,0.9,0.4,80.4,6.0,5.53530269328533,2
1978-09-01,75.6,200.0,396,0.6,0.8,1.4,78.4,5.9,5.53530269328533,2
1978-08-01,78.9,209.0,399,0.8,0.6,0.1,82.4,6.2,5.53530269328533,1
1978-07-01,83.4,207.0,404,0.8,0.8,1.0,80.0,5.9,5.53530269328533,2
1978-06-01,85.7,208.0,400,0.9,0.6,1.1,82.9,6.0,5.53530269328533,2
1978-05-01,86.4,220.0,409,0.8,0.8,1.4,81.6,6.1,5.53530269328533,2
1978-04-01,81.4,203.0,397,0.6,0.6,1.7,78.8,6.3,5.53530269328533,2
1978-03-01,79.1,174.0,383,0.5,0.5,1.9,84.3,6.3,5.53530269328533,2
1978-02-01,79.5,172.0,390,0.6,0.6,-0.5,83.7,6.4,5.53530269328533,3
1978-01-01,83.5,214.0,389,0.5,0.6,0.7,85.91762523191099,6.4,5.53530269328533,2
1977-12-01,82.9,204.0,386,0.6,0.5,1.2,84.4,6.8,4.6241592068368895,2
1977-11-01,81.9,204.0,371,0.5,0.3,1.3,85.91762523191099,6.8,4.6241592068368895,2
1977-10-01,84.2,195.0,376,0.3,0.5,0.7,85.91762523191099,6.8,4.6241592068368895,2
1977-09-01,80.8,202.0,371,0.5,0.5,0.4,89.0,7.0,4.6241592068368895,2
1977-08-01,75.5,206.0,365,0.5,0.3,1.3,85.91762523191099,6.9,4.6241592068368895,2
1977-07-01,80.5,189.0,363,0.5,0.7,0.5,85.91762523191099,7.2,4.6241592068368895,2
1977-06-01,80.7,197.0,364,0.3,0.5,0.8,90.2,7.0,4.6241592068368895,2
1977-05-01,79.9,189.0,353,0.7,0.5,0.7,85.91762523191099,7.2,4.6241592068368895,2
1977-04-01,87.2,206.0,358,0.5,0.5,0.6,85.91762523191099,7.4,4.6241592068368895,2
1977-03-01,83.9,194.0,336,1.0,0.7,1.3,87.1,7.6,4.6241592068368895,2
1977-02-01,82.5,153.0,343,0.5,0.7,0.3,85.91762523191099,7.5,4.6241592068368895,2
1977-01-01,76.7,180.0,334,0.5,0.3,1.9,85.91762523191099,7.8,4.6241592068368895,2
1976-12-01,73.5,164.0,322,0.3,0.3,1.0,87.0,7.8,5.38813922657351,2
1976-11-01,70.8,163.0,316,0.5,0.5,0.7,85.91762523191099,7.7,5.38813922657351,2
1976-10-01,69.6,172.0,321,0.5,0.5,0.9,85.91762523191099,7.6,5.38813922657351,2
1976-09-01,64.8,155.0,311,0.5,0.5,0.7,89.7,7.8,5.38813922657351,2
1976-08-01,66.4,140.0,310,0.5,0.7,0.8,85.91762523191099,7.8,5.38813922657351,2
1976-07-01,59.1,150.0,311,0.5,0.4,1.6,85.91762523191099,7.6,5.38813922657351,2
1976-06-01,57.0,146.0,296,0.5,0.5,-0.2,83.3,7.4,5.38813922657351,2
1976-05-01,61.1,140.0,294,0.2,0.4,0.9,85.91762523191099,7.7,5.38813922657351,2
1976-04-01,59.1,142.0,290,0.2,0.5,0.6,85.91762523191099,7.6,5.38813922657351,2
1976-03-01,64.4,154.0,293,0.2,0.5,0.1,84.6,7.7,5.38813922657351,2
1976-02-01,60.3,137.0,281,0.4,0.7,1.4,85.91762523191099,7.9,5.38813922657351,2
1976-01-01,66.9,132.0,278,0.5,0.5,1.5,85.91762523191099,8.2,5.38813922657351,2
1975-12-01,68.0,136.0,274,0.7,0.7,1.4,75.6,8.3,-0.2054640121342,2
1975-11-01,60.9,134.0,268,0.5,0.6,0.6,85.91762523191099,8.4,-0.2054640121342,3
1975-10-01,55.6,126.0,263,0.7,0.6,0.7,85.91762523191099,8.4,-0.2054640121342,2
1975-09-01,56.6,126.0,253,0.4,0.4,0.7,75.7,8.4,-0.2054640121342,2
1975-08-01,56.9,123.0,245,0.9,0.4,1.3,85.91762523191099,8.6,-0.2054640121342,2
1975-07-01,55.7,109.0,251,0.8,0.6,0.8,85.91762523191099,8.8,-0.2054640121342,2
1975-06-01,57.9,112.0,247,0.2,0.4,2.4,72.8,9.0,-0.2054640121342,2
1975-05-01,54.3,101.0,239,0.4,0.6,0.5,85.91762523191099,8.8,-0.2054640121342,2
1975-04-01,47.7,99.0,229,0.4,0.4,0.1,85.91762523191099,8.6,-0.2054640121342,2
1975-03-01,42.2,90.0,223,0.6,1.0,1.4,57.6,8.1,-0.2054640121342,2
1975-02-01,41.6,103.0,206,0.8,0.6,1.4,85.91762523191099,8.1,-0.2054640121342,2
1975-01-01,41.7,98.0,211,0.8,0.8,0.6,85.91762523191099,7.2,-0.2054640121342,2
1974-12-01,45.0,103.0,209,1.0,0.8,-0.3,59.5,6.6,-0.540546529074902,2
1974-11-01,44.8,107.0,210,0.8,1.0,0.4,85.91762523191099,6.0,-0.540546529074902,3
1974-10-01,51.1,115.0,215,1.4,1.0,0.0,85.91762523191099,5.9,-0.540546529074902,2
1974-09-01,49.2,114.0,225,1.2,1.4,1.8,64.4,5.5,-0.540546529074902,2
1974-08-01,53.4,132.0,229,0.6,1.0,1.1,85.91762523191099,5.5,-0.540546529074902,3
1974-07-01,53.4,151.0,227,0.8,1.0,0.6,85.91762523191099,5.4,-0.540546529074902,1
1974-06-01,59.0,143.0,240,1.0,1.3,1.3,72.1,5.1,-0.540546529074902,1
1974-05-01,54.4,161.0,239,0.6,0.6,1.0,85.91762523191099,5.1,-0.540546529074902,1
1974-04-01,57.2,156.0,244,1.1,0.8,1.3,85.91762523191099,5.1,-0.540546529074902,2
1974-03-01,53.9,175.0,238,1.1,0.6,0.6,61.8,5.2,-0.540546529074902,2
1974-02-01,52.3,145.0,241,1.1,0.4,0.9,85.91762523191099,5.1,-0.540546529074902,2
1974-01-01,51.9,153.0,223,0.9,0.4,0.0,85.91762523191099,4.9,-0.540546529074902,2
1973-12-01,54.7,172.0,226,0.7,0.4,1.0,76.5,4.8,5.645719470374732,2
1973-11-01,56.5,168.0,227,0.9,0.7,-0.1,85.91762523191099,4.6,5.645719470374732,2
1973-10-01,56.1,187.0,224,0.4,0.7,1.9,85.91762523191099,4.8,5.645719470374732,2
1973-09-01,56.6,205.0,228,1.8,0.4,-0.1,72.0,4.8,5.645719470374732,1
1973-08-01,60.1,212.0,234,0.0,0.2,1.2,85.91762523191099,4.8,5.645719470374732,2
1973-07-01,65.0,207.0,236,0.7,0.2,0.3,85.91762523191099,4.9,5.645719470374732,2
1973-06-01,66.0,227.0,233,0.5,0.4,0.7,77.0,4.9,5.645719470374732,2
1973-05-01,66.1,208.0,235,0.7,0.2,0.4,85.91762523191099,5.0,5.645719470374732,2
1973-04-01,72.5,237.0,242,0.9,0.4,0.8,85.91762523191099,4.9,5.645719470374732,2
1973-03-01,73.7,229.0,250,0.7,0.4,1.1,81.9,5.0,5.645719470374732,2
1973-02-01,78.1,248.0,243,0.5,0.0,1.3,85.91762523191099,4.9,5.645719470374732,2
1973-01-01,77.2,237.0,249,0.2,0.5,0.7,85.91762523191099,5.2,5.645719470374732,2
1972-12-01,73.5,242.0,238,0.5,0.0,0.7,90.7,5.3,5.25889535776155,2
1972-11-01,84.3,249.0,238,0.2,0.2,1.8,85.91762523191099,5.6,5.25889535776155,2
1972-10-01,76.7,248.0,234,0.5,0.0,0.6,85.91762523191099,5.5,5.25889535776155,2
1972-09-01,77.3,238.0,230,0.2,0.5,0.8,95.2,5.6,5.25889535776155,2
1972-08-01,68.1,225.0,219,0.2,0.2,1.1,85.91762523191099,5.6,5.25889535776155,2
1972-07-01,68.7,225.0,217,0.2,0.2,0.5,85.91762523191099,5.7,5.25889535776155,2
1972-06-01,67.7,222.0,211,0.2,0.2,0.7,88.6,5.7,5.25889535776155,2
1972-05-01,68.4,225.0,216,0.2,0.5,0.5,85.91762523191099,5.7,5.25889535776155,2
1972-04-01,64.0,233.0,218,0.0,0.0,1.8,85.91762523191099,5.8,5.25889535776155,2
1972-03-01,71.1,239.0,215,0.5,0.2,0.6,92.8,5.7,5.25889535776155,2
1972-02-01,69.8,249.0,220,0.2,0.5,0.4,85.91762523191099,5.8,5.25889535776155,2
1972-01-01,68.9,230.0,218,0.2,0.2,1.0,85.91762523191099,6.0,5.25889535776155,2
1971-12-01,71.0,218.0,214,0.2,0.2,0.7,82.0,6.0,3.29336237777143,2
1971-11-01,64.7,213.0,205,0.2,0.2,0.4,85.91762523191099,5.8,3.29336237777143,2
1971-10-01,62.5,204.0,205,0.2,0.0,1.1,85.91762523191099,6.0,3.29336237777143,3
1971-09-01,65.9,216.0,200,0.2,0.2,0.9,82.1,6.1,3.29336237777143,2
1971-08-01,70.6,208.0,200,0.2,0.2,-0.1,85.91762523191099,6.0,3.29336237777143,2
1971-07-01,64.6,203.0,199,0.5,0.5,1.3,85.91762523191099,5.9,3.29336237777143,2
1971-06-01,61.8,205.0,204,0.5,0.5,0.3,80.2,5.9,3.29336237777143,2
1971-05-01,66.2,199.0,201,0.2,0.5,1.0,85.91762523191099,5.9,3.29336237777143,2
1971-04-01,68.1,191.0,198,0.3,0.0,0.4,85.91762523191099,6.0,3.29336237777143,2
1971-03-01,61.8,174.0,190,0.0,0.2,0.5,78.1,5.9,3.29336237777143,2
1971-02-01,61.8,183.0,191,0.3,0.2,1.6,85.91762523191099,5.9,3.29336237777143,2
1971-01-01,58.2,189.0,185,0.5,0.5,1.4,85.91762523191099,6.1,3.29336237777143,2
1970-12-01,57.0,165.0,175,0.5,0.7,-0.3,72.4,5.9,-0.254079592763304,2
1970-11-01,54.5,158.0,170,0.5,0.5,-0.1,85.91762523191099,5.5,-0.254079592763304,2
1970-10-01,56.4,153.0,173,0.5,0.5,0.9,85.91762523191099,5.4,-0.254079592763304,2
1970-09-01,51.5,140.0,172,0.3,0.5,0.7,77.6,5.1,-0.254079592763304,2
1970-08-01,48.1,152.0,163,0.3,0.2,0.3,85.91762523191099,5.0,-0.254079592763304,2
1970-07-01,48.5,139.0,158,0.5,0.7,0.6,85.91762523191099,4.9,-0.254079592763304,2
1970-06-01,46.6,129.0,153,0.3,0.2,1.0,75.4,4.8,-0.254079592763304,2
1970-05-01,44.5,126.0,151,0.5,0.7,0.6,85.91762523191099,4.6,-0.254079592763304,3
1970-04-01,38.9,132.0,137,0.5,0.8,-0.3,85.91762523191099,4.4,-0.254079592763304,2
1970-03-01,37.3,131.0,146,0.5,0.5,0.8,78.1,4.2,-0.254079592763304,2
1970-02-01,46.1,109.0,153,0.5,0.5,1.0,85.91762523191099,3.9,-0.254079592763304,1
1970-01-01,45.2,133.0,160,0.5,0.5,0.4,85.91762523191099,3.5,-0.254079592763304,2
